{"_timestamp": 1655883586, "_runtime": 70, "_step": 102, "sample_table": {"_type": "table-file", "sha256": "75035be53c9171c7f37de43c3bb14ccd6a4c05f6dedec7016ef0a56f4f32bef2", "size": 402, "artifact_path": "wandb-client-artifact://yhh16u5fx41ou95085g6nvi35oqfjy8m4vnwukh33j4t3uszbyvbor17cy99d13ajgpjtty7ujextamhm1agn07ubsepe9ghefv6rf816pp7pionmhtw9aspgwr4w70l:latest/sample_table.table.json", "_latest_artifact_path": "wandb-client-artifact://yhh16u5fx41ou95085g6nvi35oqfjy8m4vnwukh33j4t3uszbyvbor17cy99d13ajgpjtty7ujextamhm1agn07ubsepe9ghefv6rf816pp7pionmhtw9aspgwr4w70l:latest/sample_table.table.json", "path": "media/table/sample_table_101_75035be53c9171c7f37d.table.json", "ncols": 3, "nrows": 20}, "train_loss": 0.05346139147877693, "train_accuracy": 1.0, "epoch": 4, "trainer/global_step": 4299, "val_loss": 0.10453350841999054, "val_accuracy": 0.9702000021934509, "_wandb": {"runtime": 69}}